Asin,Title,Price,Sold by,Review Count,Rating,Date
B09XN86NH2,"ASUS Touchscreen Chromebook Flip C433TA 14-inch Full HD Laptop (Intel Core M3-8100Y, 8GB RAM, 64GB eMMC, Google Chrome OS, 360-Degree Hinge)",299,Amazon,300,4.5,15 Mar. 2022
B09MLBQQZ5,"14'' Laptop Computer Intel Core i5-8279U Processor (up to 4.1 GHz) 8GB DDR4 RAM 256GB SSD, FHD (1920 x 1080) Display Windows 10 Home Notebook with WiFi Bluetooth 5.1 English Keyboard Thin & Portable",379.99,OakTech,20,3.5,26 Nov. 2021
B08T9G5CPD,"Razer Blade Pro 17 - 17.3 Inch Pro Gaming Laptop with 360 Hz FHD Display (Intel Core i7, NVIDIA RTX 3070, 16 GB RAM, 512 GB SSD, Chroma RGB) UK Layout | Black",1509.92,Amazon,41,4,26 Jan. 2021
B09GY936QD,"Samsung Galaxy Book Go 14 Inch with Windows 11 Home LTE Laptop 4GB RAM 128GB Storage, 12 Month M365 Personal included, Mystic Silver (UK Version)",269,Amazon,22,4.4,22 Dec. 2021
B08CN556LT,Lenovo IdeaPad 3i 17IML05 17.3 HD+ Laptop Intel Pentium Gold 6405U 4GB RAM 128GB SSD Windows 10 S Abyss Blue,429.52,Amazon,1,4,5 Oct. 2021
B09JZFDZBL,"Acer Aspire Vero AV15-51 15.6 inch Laptop - (Intel Core i7-1195G7, 16GB, 1TB SSD, Full HD Display, Windows 11, Grey, 30% PCR Chassis)",823.19,Amazon,72,4.6,21 Oct. 2021
B083DQPPT3,"CHUWI Herobook Pro Laptop, 14 inch 8GB RAM 256GB SSD(TF 512GB), FHD(1920x1080) 16:9 IPS Windows 11 Laptops, Intel N4020(Up to 2.8GHz), 4K Video, WiFi, BT4.0, Mini-HDMI Support Win11",199,"BIG FAN TRADING CO., LTD",758,3.9,6 Jan. 2021
B09MFBWCJ6,"HOARDER Windows 10 Laptop 15.6 Inch Computer,8GB RAM,256GB SSD,Ulra High Definition,Dual Band Wifi,Grey Backlit Keyboard,Celeron N5205,Battery Capacity 5000mAH",369,TOPOSH Official Store,2,5,23 Nov. 2021
B09GKNC8Q9,"ASUS Vivobook Pro OLED M3401QA 14 Inch 2.8K 16:10 Laptop (AMD Ryzen 5-5600H, 16 GB RAM, 512 GB SSD, Backlit Keyboard, Windows 11), Queit Black",799.07,Amazon,30,3.9,17 Sept. 2021
B0B6G1VX3G,"Dell XPS 17 9720 17 FHD+ Laptop, Intel Core i7-12700H, 16GB RAM, 512GB SSD, NVIDIA GeForce RTX 3050 4GB, Backlit Keyboard, Fingerprint Reader, Windows 11 Home (Silver)",1849,Amazon,2,5,13-Jul-22
B0B4T3FNQZ,"MSI Notebook Pulse GL76 Gaming Laptop (12UGK-091UK), Intel Core i9-12900H, 17.3 Inches FHD 360Hz Panel, NVIDIA GeForce RTX 3070, 16GB, 1TB SSD, Windows 11, Titanium Blue",1599,Amazon,0,0,21 Jun. 2022
B07G75D4DX,"LincPlus P1 13.3 Laptop with Windows 10 S(upgradable to Win11 ), Full HD IPS Notebook Intel Celeron N4020 4GB RAM 64GB eMMC Storage Fanless Quiet Slim Netbook with QWERTY UK",239,LincPlus,404,4,5 Aug. 2018
B09BCB18JR,"jumper Laptop 13.3 Inch Full HD 1920 x 1080 IPS Display PC Computer 6GB RAM 64GB eMMC Intel Celeron CPU,Windows 10 laptop,Dual Band WIFI,Supports 256GB TF Card and 1TB SSD Expansion",229.99,Amazon,27,3.9,28-Jul-21
B09XMKHDF8,"ASUS TUF A17 FA707RR 17.3 144Hz Gaming Laptop (AMD Ryzen 7-6800H, Nvidia GeForce RTX 3070, 16GB RAM, 1TB SSD, Windows 11), Grey",1296.09,Amazon,33,4.3,11-Apr-22
B09GKKN2TC,"ASUS Vivobook Pro 15 M3500QC 15.6-inch Full HD OLED Laptop (AMD Ryzen 9-5900HX, Nvidia GeForce RTX 3050, 16 GB RAM, 1TB SSD, Backlit Keyboard, Windows 11), Queit Blue",965.99,Amazon,66,4.5,17 Sept. 2021
B0BNPCH4CY,"BYYBUO 14,1 inch HD+ laptop, 4 GB RAM, 128 GB SSD, BT 4.0, Windows 10, zilver (Gold)",206,byybuo,0,0,1 Dec. 2022
B086MBTRM5,TOPOSH Laptop Windows 10 Computer 11.6 Inch PC Notebook 12GB RAM+128GB SSD Celeron J3455 Quad Core 1.5GHz Processor Graphics with TF Card Slot WIFI Bluetooth- White,219,TOPOSH Store,30,3.2,18 Mar. 2021
B09Q6CVSW3,"Razer Blade 17 - 17.3 Inch Gaming Laptop with 4K 144 Hz UHD Display (NVIDIA RTX 3080 Ti, Intel Core i9 12900H, 32GB DDR5 RAM, 1TB SSD, Vapor Chamber Cooling, Windows 11) UK Layout | Black",3757.46,Amazon,11,4.2,25 Jan. 2022
B09SHD5K5V,"ASUS ROG Strix G15 G513RW 165Hz QHD 15.6 Gaming Laptop (AMD Ryzen 9-6900HX, NVIDIA GeForce RTX 3070 Ti, 16GB RAM, 1TB SSD, Windows 11), Gray",1649,Amazon,6,4.6,15 Feb. 2022
B0BJM163KW,"HP 17-cn0041na FHD Laptop - Intel Pentium Gold 7505 (2 Cores, 3.5GHz), 16GB DDR4, 1TB SSD, WIFI 5 & Bluetooth 4.2, Intel UHD Graphics, FREE Upgrade to Windows 11 Pro  UK Keyboard layout (Renewed)",799.99,Cybist,0,0,18 Oct. 2022
B09FJS8W2J,"Dell Precision 5540 15.6 2TB SSD Laptop - i9-9880H (8 Cores, 4.8GHz), NVIDIA Quadro T2000, 64GB RAM, Fingerprint & SD Card Reader, vPro, WIFI 5 & BT 5, Windows 11 Pro, Backlit Keys (Renewed)",2499.99,Amazon,0,0,10 Oct. 2022
B09GY7P1DV,Samsung Galaxy Book Go 14 Inch with Windows 11 Home LTE Laptop 8GB RAM 128GB Storage Mystic Silver (UK Version),499,Amazon,2,5,22 Dec. 2021
B09S7G1JLC,"Microsoft Surface Laptop 4 Super-Thin 15 Inch Touchscreen Laptop (Platinum) AMD Ryzen 7 with Radeon Graphics (Microsoft Surface Edition) 8GB RAM, 256GB SSD, Windows 11 Home, 2022 Model",974.48,Amazon,26,4.1,15-Apr-22
B09SJ44LKY,"Lenovo 500e G2 11.6 N4120 8GB 64GB Chrome 1Yr, Black",411.67,Amazon,2,5,15 Feb. 2022
B09W2G51HL,"Azeyou 11.6 Inch Laptop HD Display - Windows 10 Notebook Intel Celeron N4020 Processor, 4GB RAM, 64GB eMMC Storage- Blue",189.99,Azeyou Global,6,3.8,9 Aug. 2022
B0BNHV9R92,"EYETOO Portable Monitor, 15.6'' 19201080 FHD HD IPS Upgrade Eye Care Laptop Monitor with HDMI/Type-C/USB-C, Monitor Screen for Laptop/Xbox/Phone/PC/Mac/PS4/PS5",109.99,ZZBDMYSJAL,3,5,3 Jan. 2023
B09GKM3Z1Y,"ASUS Vivobook Pro 15 K3500PC 15.6-inch Full HD OLED Laptop (Intel Core i7-11370H, Nvidia GeForce RTX 3050, 16 GB RAM, 1TB SSD, Backlit Keyboard, Windows 11)",999.99,Amazon,8,4.5,17 Sept. 2021
B09VCGG833,"MSI Summit E14 EVO A12M, 14  Notebook, Microsoft 365 Bundled, Full HD 1.5W 100% RGB, Intel i5-1240P, Iris Xe, 16GB LPDDR5, 512GB PCIe 4x4 SSD, WiFi 6E, Windows 11 Home - Ink Black",679.15,Amazon,7,3.3,11 Mar. 2022
B09TWN5YD7,"MSI Notebook Modern 15 (B12M-026UK) 15.6 FHD, Latest Intel 12th Gen i7-1225U, Intel Iris Xe Graphics, DDR IV 8GB, 512GB NVMe PCIe SSD, Intel WIFI 6, Windows 11 Home - Classic Black",589.98,Amazon,4,2.7,4 Mar. 2022
B09XM6VPCR,"jumper Laptop Microsoft 365 11.6 Inch HD Display(Intel Pentium Quad-core,4GB DDR4 RAM,64GB eMMC,Windows 10 Compact Laptop,USB 3.0,Bluetooth 4.2) Support 1TB SSD and 256GB TF card expansion,Silver",95.39,Amazon Warehouse,76,3.9,11-Apr-22
B08FC6XNR1,"G-Anica Netbook Laptop PC 10 inch Android Portable Ultrabook,Dual Core, Wifi,with Laptop Bag + Mouse + Mouse Pad + Earphone (4 PCS Computer Accessories) (Black)",149.96,GBL Eur,216,3.1,6 Aug. 2020
B09WW2LZY2,Lenovo 300e 2nd Gen 11.6 IPS Touchscreen Convertible Laptop AMD 3015e / 1.2GHz (2.3GHz Turbo) 4GB RAM 64GB eMMC Windows 10 Pro,164.5,Edge Computers Limited,2,3.5,30 Mar. 2022
B0B75JYN91,"Lenovo T15g Gen 2 15.6 2TB SSD FHD Laptop  i7-11800H (8 Cores, 4.8GHz), RTX 3080 16GB, 32GB DDR4, Smartcard & Fingerprint Reader, WIFI 6 & BT 5.2, Windows 10 pro  UK Keyboard (Renewed)",3499.99,Amazon,0,0,20-Jul-22
B0BHH6K8CR,"Auusda Laptop 14.1 inch Windows 11 Notebook, Full HD 1920*1080 IPS 100% sRGB Display, Intel J4105 Quad-Core, 8GB LPDDR4 and 256GB SSD, USB 3.0, 5GHz WIFI, Expandable Storage",249,WoodDream,8,3.6,6 Oct. 2022
B0BLZRY5F4,"Microsoft Surface Laptop 5 Super-Thin 13.5 Inch Touchscreen Laptop - Platinum  Intel EVO 12th Gen Core i7, 16GB RAM, 512GB SSD, Windows 11 Home, UK plug, 2022 Model",1549,Amazon,0,0,10 Nov. 2022
B09VCJRF36,"MSI Prestige 14 A12UC, 14 Notebook, Microsoft 365 Bundled, Full HD close to 100% sRGB, Intel i5-1240P, Nvidia RTX3050, 8GB LPDDR4, 512GB PCIe Gen 4x4 SSD, WiFi 6E, Windows 11 - Carbon Gray",594.98,Amazon,6,3.7,11 Mar. 2022
B08Q3KQ3KM,"Intel Core i5-8250U, 16GB RAM and 512GB SSD, 13.3 Inches Tygazer Thin Touch Screen Laptop and Backlit Keyboard - Gun Metal Gray",426.19,Amazon,0,0,21 Dec. 2022
B0BQ954N9W,"Lenovo Legion 5 Gaming Laptop, 15.6 FHD IPS 120Hz, AMD 6-Core Ryzen 5 5600H (Beat i9-10980HK), GeForce RTX 3050, 16GB RAM, 1TB PCIe SSD, USB-C, HDMI, RJ45, WiFi 6, RGB, US Version KB, Win 11",874.99,uShopMall-USA,0,0,16 Dec. 2022
B08CNM2KY7,Venturer 11.6 inch windows notebook pc Black CN6811C24G,118.67,Amazon,12,4.1,9-Jul-20
B0B9NZQ6V7,"Microsoft Surface Laptop 5 Super-Thin 13.5 Inch Touchscreen Laptop - Black - Intel EVO 12th Gen Core i7, 16GB RAM, 512GB SSD, Windows 11 Home, UK plug, 2022 Model",1699,Amazon,3,3.5,12 Oct. 2022
B09TSMV3XG,"Dell Inspiron 3000 Business Laptop, 15.6 HD Display, Intel Pentium Silver N5030 Processor, Windows 11 Pro, 16GB RAM, 1TB HDD, WiFi, HDMI, Webcam, Bluetooth, SD-Card Slot",649,discount-city,71,4.1,7 Mar. 2022
B0B6G5BGDR,"Dell Inspiron 7425 14 FHD+ 2-in-1 Laptop, AMD Ryzen 5 5625U, 8GB RAM, 256GB SSD, Touchscreen, Backlit Keyboard, Fingerprint Reader, Windows 11 Home (Pebble Green)",663.23,Amazon,0,0,13-Jul-22
B09S3Z7B5N,"Lenovo IdeaPad 5 15.6 inch FHD Laptop - ( AMD Ryzen 7 5700U, AMD Radeon Graphics, 8 GB RAM,512GB SSD, Windows 11) - Abyss Blue",647.31,Amazon,7,4.3,9 Feb. 2022
B09M92HYWS,"Lenovo IdeaPad L340 15.6-inch FHD Laptop, Intel Core i5-9300HF (4 Cores, 4.1GHz), GeForce GTX 1650 4GB, 16GB DDR4, 1TB SSD, WiFi 11ac & BT 4.2, Windows 10 Pro UK Keyboard Layout - 81LK01PRUK (Renewed)",759.99,Cybist,0,0,19 Nov. 2021
B08Q3SZWVF,"HP 15.6 Inch Full HD Laptop PC 15s-fq2015sa, Intel i3, 8GB RAM, 256GB SSD, Windows 11  Silver",389.66,Amazon Warehouse,130,4.3,9 Dec. 2020
B0B5XMFXKH,"Lenovo IdeaPad Flex 3 Chromebook 15.6 Inch Full HD Touch Display Laptop (Intel Pentium Silver N6000, Integrated Intel UHD Graphics, 8GB RAM, 128GB SSD, Chrome OS) - Arctic Grey",429.99,Amazon,45,4.7,6-Jul-22
B08NQ1VX6Z,"Dell Inspiron 3000 15.6 inch FHD Laptop, AMD Ryzen 5 3500U, 8GB RAM, 256GB SSD, Windows 10 Home (Black)",499,Amazon,697,4.4,16 Nov. 2020
B09W2C1CT8,"Azeyou 14 HD Windows 10 Professional Laptop - 128GB Storage, 6GB RAM, Anti-Glare, Intel 64-bit, Dual-Band WiFi, USB 3.0 - Lightweight Design - Supports 256GB",219.99,Azeyou Global,0,0,7-Jul-22
B07T3FS2BV,"HP EliteBook 830 G5 13.3 Full HD Laptop Intel Core i5-8250U, 8GB RAM, 256GB SSD, Windows 10 Pro - 3UP82ET#ABU (Renewed)",747.28,BornGood,1,5,13 Jun. 2019
B006HDQE7W,NEW 4Gb 7 inch Red Mini Laptop Netbook. Android 2.2. Latest Software. Latest build.,79.99,Bluebose UK,165,3.2,3 Dec. 2011
B0BL8XPJY5,"CHUWI Tablet PC 13 Inch UBook XPro with Keyboard and Stylus, 2 in 1 Laptop with Intel Core i7 and Windows 11, 8GB RAM 256GB ROM and 2160 x 1440 IPS, Supports 2.4G/5G WiFi, BT4.2 and USB 3.0",529.99,SUPER HUANG,4,3.9,3 Nov. 2022
B07RHVT52L,"Apple MacBook Pro 15 (Mid 2014) - Core i7 2.5GHz, 16GB RAM, 512GB SSD (Renewed)",462,Amazon,15,3.7,7-May-19
B097PQ4XBD,"ASUS ZenBook S13 UX393EA 13.9 inch 3K 500nits Touchscreen IPS-level Panel Laptop (Intel i7-1165G7, 16GB RAM, 1TB SSD, Backlit Keyboard, Windows 10) Includes Sleeve, and USB-C to audio jack adapter",627.26,Amazon Warehouse,20,4.6,22 Jun. 2021
B09RQSGL2Y,"Acer Aspire 3 A315-58 15.6 inch Laptop - (Intel Core i3-1115G4, 8GB, 512GB SSD, Full HD Display, Windows 11, Silver)",499.99,Amazon,37,4.2,3 Feb. 2022
B096FZPBQB,"Lenovo IdeaPad 5i 14 Inch Touch FHD Intel Pentium, 4GB RAM, 128GB SSD, Intel UHD Graphics, Chromebook  Storm Grey Laptop",289.99,SmartSalesUK,144,4.2,2 Jun. 2021
B08PDL15CT,"New ASUS Quad Turbo Laptop, 4GB RAM, SSD, HD, Windows 11 Pro, Office 2021, V Long Battery Life",348.44,TecBuyer,89,4.2,6 Sept. 2021
B0BJVQDGRN,"AOCWEI Laptop Computers Windows 10, 14 6GB RAM 128GB SSD Support 1TB SSD Expansion, 1920x1080 FHD Traditional Laptop, 2.4G+5G WiFi Bluetooth 4.2 Full Metal Notebook with Wireless Mouse-Red",289.99,USMARTPAD,25,4.7,20 Oct. 2022
B08FQLH8C7,"Simbans [3 Bonus Items] TangoTab 10 Inch Tablet with Keyboard 2-in-1 Laptop, 4GB RAM, 64 GB Storage, Android 10, Mini HDMI, Micro-USB - TXL",159.95,Mayah EU,652,3.8,7 Sept. 2020
B0BJVQC7CV,"AOCWEI Laptop Computers Windows 10, 14 6GB RAM 128GB SSD Support 1TB SSD Expansion, 1920x1080 FHD Traditional Laptop, 2.4G+5G WiFi Bluetooth 4.2 Full Metal Notebook with Wireless Mouse-Gold",289.99,USMARTPAD,25,4.7,20 Nov. 2022
B09JZSDXZ2,"HP 14 Inch Laptop PC 14s-fq0014na, AMD Athlon 3020e, 4GB RAM, 128GB SSD, FHD, Radeon Graphics, Windows 11 in S Mode, Microsoft 365 Personal 12 Months Included  Black",299.99,Amazon,42,4.2,21 Oct. 2021
B092MP1CY4,Samsung Galaxy Book Pro Intel Core i5 with Windows 10 Home 13.3 Inch 4G Laptop 8GB RAM 256GB Storage Mystic Blue (UK Version) - FREE Upgrade to Windows 11,1021.41,Amazon,20,4.1,27-Apr-21
B08Q3XHP3M,"HP 15.6 Full HD Laptop PC 15s-fq2016sa, Intel i5, 8GB RAM, 512GB SSD, Windows 11 - Natural silver",486.3,Amazon Warehouse,260,4.5,9 Dec. 2020
B09JZFZJCJ,"Acer Swift X SFX14-41G 14 inch Laptop - (AMD Ryzen 7 5800U, 16GB, 1TB SSD, NVIDIA RTX 3050Ti, Full HD Display, Windows 11, Blue/Silver)",978.98,Amazon,18,4.6,21 Oct. 2021
B09SG5GTK3,"Lenovo Yoga Slim 7 13.3 inch QHD Laptop - (Intel Core i7-1165G7, 16 GB RAM, 512 GB SSD, Windows 11) - Iron Grey",734.69,Amazon Warehouse,15,3.7,14 Feb. 2022
B08HJ2W4HX,"Microsoft Surface Laptop Go Ultra-Thin 12.4 Touchscreen Laptop (Platinum) - Intel 10th Gen Quad Core i5, 8GB RAM, 128GB SSD, Windows 10 Home in S Mode, 2020 Edition",729.99,Toy Monsterz,225,4.4,1 Oct. 2020
B0968QCPLQ,"HP ENVY x360 15.6 2-in-1 Laptop PC 15-es0008sa, Touch Screen, Intel i5, 8GB RAM, 512GB SSD, Windows 11, FHD - Silver",899.99,Amazon,27,4.8,31-May-21
B09M2LFH9G,"New 11 Touch Screen Lenovo Quad Laptop, 4GB RAM, SSD, HD Graphics, Win 11 Pro, Office 2021 Pro Plus, Very Long Battery Life",288.88,TecBuyer,36,4.3,9 Nov. 2021
B08TRKZ36D,PC Notebook Laptop of TOPOSH Windows 10 Computer 11.6 Inch 8GB RAM+128GB SSD Celeron J3455 Quad Core 1.5GHz Processor Graphics with US Keyboard WIFI Bluetooth-White,219,TOPOSH Store,30,3.2,22 Jan. 2021
B09HBS83GJ,Dell Latitude 3000 3190 11.6 Netbook - HD - 1366 x 768 - Intel Celeron N4120 Quad-core (4 Core) - 4 GB RAM - 128 GB SSD - Black,179.99,Edge Computers Limited,0,0,28 Sept. 2021
B097R44ZWF,"MSI Katana GF66 Gaming laptop (11UK-081UK/082UK) - 15.6 Inch FHD 144 Hz, i7-11800H, 16 GB, 512 GB SSD, NVIDIA GeForce RTX 3060, Free upgrade to Windows 11 - Black",694.41,Amazon Warehouse,55,4.1,23 Jun. 2021
B09RND1B31,HP EliteBook 840 G5 (14 inch) Notebook PC Core i7 (8650U) 1.9GHz 16GB 512GB (SSD) WLAN BT Webcam W10 Pro (UHD Graphics 620) (Renewed),478.99,Nanosoft Corporation Ltd,4,1.7,1 Feb. 2022
B0BQ7FMY1D,Lenovo IdeaPad 1i 14IGL7 14 Laptop Full HD Intel Pentium Silver N5030 4GB RAM 128GB SSD Abyss Blue Windows 11 S - 82V60009UK,219.95,Studio Direct,0,0,15 Dec. 2022
B09X64WLBD,"ASUS Vivobook 15 E510MA 15.6 Full HD Laptop (Intel Celeron N4020, 4GB RAM, 128GB eMMC, Windows 11 with Microsoft Office 365 included)",219.99,Amazon,56,4.4,4-Apr-22
B09Q2RSFL2,"ASUS Zenbook Flip 14 OLED UN5401QA 14.0 90Hz 2.8K Touchscreen OLED Laptop (AMD Ryzen 7-5800H, 16GB RAM, 512GB SSD, 90Hz 550nits Touchscreen, Windows 11) Includes Stylus Pen & Sleeve",980.85,Amazon,8,4.5,10 Jan. 2022
B09M8K4RYQ,HUAWEI Matebook D15 Windows 11 Intel Core i5 11th Gen Laptop - 8GB RAM and 512GB SSD memory,749.99,Amazon,267,4.5,19 Nov. 2021
B096C3Y1NY,"Medion Akoya E15407 Intel Core i7-1065G7, 8 GB RAM, 512 GB SSD, 15.6 Windows 10 Laptop",649.99,Amazon,18,3.5,1 Jun. 2021
B0BJ2PRTMP,"Dell Inspiron 7425 14 FHD+ 2-in-1 Laptop, AMD Ryzen 7 5825U, 16GB RAM, 512GB SSD, Touchscreen, Backlit Keyboard, Fingerprint Reader, Windows 11 Home (Pebble Green)",829,Amazon,0,0,13 Oct. 2022
B0868T6XNB,Lenovo 14in ThinkPad T450 Ultrabook - HDF+ (1600x900) Core i5-5300U 16GB 128GB SSD WebCam WiFi Bluetooth USB 3.0 Windows 10 Professional 64-bit PC Laptop (Renewed),289,Amazon,41,4.5,1-May-18
B07RF1XD36,"Acer Aspire 5 Slim Laptop, 15.6 Full HD IPS Display, AMD Ryzen 3 3200U, Vega 3 Graphics, 4GB DDR4, 128GB SSD, Backlit Keyboard, Windows 10 in S Mode, A515-43-R19L",6.47,Amazon,34602,4.5,11 Nov. 2019
B09QFWGNHY,"ASUS ZenBook Duo UX482EAR 14-inch Full HD Touchscreen Laptop (Intel Core i5-1155G7, 16GB RAM, 512GB SSD, Windows 11, Includes Stylus Pen) Intel EVO certified",899,Amazon,159,4.3,14 Jan. 2022
B0B7NVP8MJ,"Corsair VOYAGER a1600 Gaming Laptop (AMD Ryzen R7 6800HS, AMD Radeon RX 6800M, 16GB DDR5, 16 2560x1600 240Hz IPS Screen, CHERRY MX Ultra-Low Profile Keyswitches, Windows 11 Home Advanced) Black",1899.99,Amazon,0,0,18 Aug. 2022
B093RNV6SD,Cello 11 inch 128GB Intel Dual Core 8GB RAM TF Card slot Bluetooth Book Laptop Notebook,170.45,Amazon,2,2.4,28-Apr-21
B09W2RB84Q,"MSI Notebook Pulse GL66 Gaming Laptop (12UEK-068UK), Intel Core i7-12700H, 15.6 Inches QHD 165Hz Panel, NVIDIA GeForce RTX 3060, 16GB, 1TB SSD, Windows 11 - Titanium , Titanium Blue",1199,Amazon,2,5,21 Mar. 2022
B0B1VPTYZS,"ACER Chromebook Spin 314 CP314-1H - (Intel Celeron N4500, 4GB, 64GB eMMC, 14 inch HD Touchscreen Display, Google Chrome OS, Silver)",349.99,Amazon,1,1,20-May-22
B08N1F9Z8B,"Razer Book 13 - Ultra Lightweight Productivity Laptop (13.4 Inch Touch FHD-60Hz Display, Intel Core i7-1165G7, 16GB RAM, 256GB SSD, Iris Xe) UK Layout | Mercury",1075,Amazon,48,3.2,9 Nov. 2020
B09F6LM3WX,"ASUS VivoBook 15 X515EA 15.6 Full HD Laptop (Intel i3-1115G4, 8GB RAM, 256GB SSD, Windows 11), Silver",415,MESH Computers,238,4.4,25 Oct. 2021
B09R4XS1JF,"HP Chromebook 11.6 Inch Laptop PC 11a-ne0000sa, MediaTek MT8183, 4 GB RAM, 64 GB eMMC, HD, Ash Gray",218.49,Amazon,20,4.5,25 Jan. 2022
B09W371KGY,Samsung Galaxy Book2 Pro 5G Laptop 15.6 Inch Intel i5 8GB RAM 256GB Storage Graphite,829.37,Amazon,1,4,1-Apr-22
B097DZF2M9,"MSI Creator Z16 16 Inch QHD 120Hz (Intel Core i7-11800H, NVIDIA GeForce RTX 3060 6GB, 16 GB RAM, 512 GB NVMe PCIe Gen4x4 SSD, Killer Wi-Fi 6E, Windows 10 Home), Lunar Gray",1399,Amazon,9,3.3,17 Jun. 2021
B0B15K1CTZ,"Lenovo Flex 3 Chrome 11.6 Inch Touchscreen (Celeron, 4GB RAM, 64GB eMMC, Chrome OS) - Abyss Blue Laptop",269.99,Amazon,18,3.5,12-May-22
B0B4Y935HY,"MSI Raider GE66 Gaming Laptop (12UH-477UK) Deluxe Edition (Headset and Mouse), Intel Core i9-12900HK, 15.6 UHD 120Hz Panel, NVIDIA GeForce RTX 3080, 32GB, 2TB SSD, Windows 11 - Tianuium Blue",3399,Amazon,0,0,23 Jun. 2022
B09GKL6DB7,"ASUS Vivobook OLED 15 M513UA 15.6 Inch Full HD OLED Laptop, Black (AMD Ryzen 7-5700U, 16GB RAM, 512GB SSD, Backlit Keyboard, Windows 11)",849.99,Amazon,90,4.4,17 Sept. 2021
B09S9VQP7V,"ASUS ROG Strix G513RW 15.6 Full HD 300Hz Gaming Laptop (AMD Ryzen 7-6800HS, Nvidia GeForce RTX 3070Ti, 16GB RAM, 1TB SSD, Windows 11)",1498.99,Amazon,4,4.5,11 Feb. 2022
B0BF3VSGL9,"Tablet 10.1 Inch TECLAST M40 Air Android 11, 5G WiFi, 8GB RAM 128GB ROM (TF 1TB), Dual 4G SIM/SD, Bluetooth 5.1, 2.0 GHz Octa Core, FHD 1920x1200 IPS, GPS/OTG/Type-C/5+8MP Camera/6000mAh Battery",159.99,Hooya-S,107,4.4,13 Sept. 2022
B0B64CP6QT,"Dell Latitude 3520 15.6 Inch FHD Business Laptop, Intel Core i5-1135G7, 8GB RAM, 256 GB SSD, Windows 11 Pro, Grey",772.53,Amazon,1,5,8-Jul-22
B08L559LJP,"MEDION ERAZER Deputy P25 AMD Ryzen 7-5800H 16 GB 512 GB FHD 15.6 FHD 144 Hz NVIDIA GeForce RTX 3060 Gaming Laptop Bundle - Laptop, Mouse And Mousepad, Black, 30035121",1149.99,Amazon,0,0,5 Oct. 2022
B09GKLC5K4,"ASUS Vivobook Pro OLED M3401QA 14 Inch 2.8K 16:10 Laptop (AMD Ryzen 7-5800H, 16 GB RAM, 512 GB SSD, Backlit Keyboard, Windows 11)",696.99,Amazon Warehouse,33,4,17 Sept. 2021
B08Y6VJCFQ,"Laptop 12.5Inch Windows10 Apollo N3350 Dual Core HD Graphics Ultra Thin Computer PC,4GB RAM 64GB Storage USB 3.0 WiFi Bluetooth HDMI IPS Display Notebook (Black)",199.99,Honlin,5,3.4,2-May-21
B0B5XQ6YY2,"Lenovo Ideapad 3 14ADA6 14 Inch FHD Cloudbook Laptop - (AMD Ryzen 5 3500U, 8GB RAM, 256GB SSD, Windows 10S) - Abyss Blue",449.99,Amazon,418,4.5,6-Jul-22
B09TFF3NL7,"ASUS Zenbook 14X OLED Space Edition 14 2.8K Touchscreen Laptop (Intel i7-12700H, 16GB RAM, 1TB PCIe SSD, Backlit Keyboard, Windows 11) Inclues Stylus Pen & Sleeve",1099,Amazon,7,4.8,25 Feb. 2022
B0B1VVD95S,"Acer Nitro 5 AN515-46 15.6 inch Gaming Laptop - (AMD Ryzen 7 6800H, 16GB, 512GB SSD, NVIDIA GeForce RTX 3050Ti, Full HD 165Hz, Windows 11, Black)",849,Amazon,286,4.2,20-May-22
B08SMC8Q3V,"2021 15.6-inch laptop 8G + 256G celeron J3455 high-performance quad-core CPU, 2PCS 4500mAh can work continuously for 6-8 hours, WIFI, HDMI, Bluetooth 4.0, Windows 10 (Silver 8G+256G)",188,JAFFUK,24,2.9,11 Jan. 2021
B09R1CV6C2,"ASUS ROG Strix G513IE 144Hz Full HD 15.6 Gaming Laptop (AMD Ryzen 7-4700H, NVIDIA GeForce RTX 3050Ti, 16 GB RAM, 512 GB SSD, Windows 10)",899,Amazon,10,5,24 Jan. 2022
B08HJ2XGP2,"Microsoft Surface Laptop Go Ultra-Thin 12.4 Touchscreen Laptop (Platinum) - Intel 10th Gen Quad Core i5, 8GB RAM, 256GB SSD, Windows 10 Home in S Mode, 2020 Edition",500.88,Amazon Warehouse,24,4.1,1 Oct. 2020
B09SZCMQCL,Lenovo V14 Gen 2 Ryzen 5-5500U 8GB 256GB SSD 14 Inch Full HD Windows 11 Pro Laptop,524.87,Amazon,2,3.5,21 Feb. 2022
B08M77QPBR,"iOTA Flo 360 Touchscreen Laptop 11.6-inch HD Display with 1 Year Microsoft 365 Included, 4GB RAM, 64GB eMMC Storage, Intel Celeron Processor, Windows 11 (S mode), Convertible Laptop PC",199.99,Amazon,841,4.2,17 Jan. 2021
B09K4GRDRL,Dynabook Toshiba | Satellite Pro C40-G-109 | 14 Non-reflective HD | Laptop | Celeron 5205U | 4GB | 128GB SSD | Win10 Pro,177.98,Laptop Outlet UK,120,4.4,22 Oct. 2021
B09TWMLNVR,"MSI Modern 15 (B12M-027UK) 15.6 FHD Laptop, Latest Intel 12th Gen i5-1235U, Intel Iris Xe Graphics, DDR IV 8GB, 512GB NVMe PCIe SSD, Intel WIFI 6, Windows 11 Home- Classic Black",499,Amazon,14,4.5,4 Mar. 2022
B08CNM39GJ,"Lenovo IdeaPad 1i 11.6'' Laptop - Intel Celeron N4020 Processor, 4GB RAM, 64GB Storage, Windows 10S, Ice Blue + Office 365 Personal",142.76,Amazon Warehouse,1066,4.4,30-Jul-20
B0BJVQLM64,"AOCWEI Laptop Computers Windows 10, 14 6GB RAM 128GB SSD Support 1TB SSD Expansion, 1920x1080 FHD Traditional Laptop, 2.4G+5G WiFi Bluetooth 4.2 Full Metal Notebook with Wireless Mouse-Blue",289.99,USMARTPAD,25,4.7,20 Oct. 2022
B09NJPX585,"Microsoft Surface Laptop Studio - 14.4 Touchscreen Laptop (Platinum) - Intel 11th Gen i7, RAM 32GB, SSD 2TB - Windows 11 Home - 2022 edition",2589,Amazon,43,4.4,1 Feb. 2022
B0983JBRVW,"ASUS VivoBook X515JA 15.6 Full HD IPS Screen Laptop (Intel Core i7, 16GB RAM, 512GB PCIe SSD, Windows 10)",695,discount-city,127,4.4,28 Jun. 2021
B09ZYHK73V,"MSI Notebook Stealth 15M Thin and Light Laptop (B12UE-030UK), Intel Core i7-1280P, 15.6 Inches FHD 144Hz Panel, NVIDIA GeForce RTX3060, 16GB, 1TB SSD, Windows 11 - Core Black",1039,Amazon,0,0,10-May-22
B082P7XWMN,"Lenovo ThinkPad X260 12.5-inch Ultrabook - Core i5-6300U 2.4GHz, 8GB RAM, 256GB SSD, HDMI, WiFi, WebCam, Windows 10 Professional 64-bit (Renewed)",209.99,PC Renewed,85,4.2,12 Dec. 2019
B0B1VQKWJ1,"Acer Predator Helios 300 PH315-55 15.6 inch Gaming Laptop - (Intel Core i7-12700H, 16GB, 1TB SSD, NVIDIA GeForce RTX 3060, Full HD 165Hz, Windows 11, Black)",1499.99,Amazon,36,4.4,20-May-22
B09X6RWTWZ,"ASUS Vivobook 15 X1500EA 15.6 Full HD Laptop (Intel i5-1135G7, 16GB RAM, 512GB SSD, Windows 11)",499.99,Amazon,491,4.4,4-Apr-22
B0BGG93P1V,"2022 Lenovo IdeaPad Gaming 3 Gaming Laptop, 15.6 FHD IPS 120Hz, AMD 6-Core Ryzen 5 5600H (Beat i7-1255U), GeForce GTX 1650, 16GB RAM, 1TB PCIe SSD, USB-C, RJ45, Backlit KB, US Version KB, Win 11",864.99,uShopMall-USA,1,5,26 Sept. 2022
B09S9JPJYR,"ASUS ROG Zephyrus Duo GX650RX-LO010W 16 Dualscreen Gaming Laptop (AMD Ryzen 9 6900HX, NVIDIA GeForce RTX 3080 Ti, 32GB RAM, 2TB SSD, Windows 11), Black",3684.01,Amazon,0,0,11 Feb. 2022
B09GKMCWRX,"ASUS Vivobook Pro 15 M3500QC 15.6-inch Full HD OLED Laptop (AMD Ryzen 7-5800H, Nvidia GeForce RTX 3050, 16 GB RAM, 512 GB SSD, Backlit Keyboard, Windows 11)",891,Amazon,10,4.4,17 Sept. 2021
B09XRG8ZT6,"Lenovo IdeaPad 4G 14 Inch Full HD Laptop - (Qualcomm Snapdragon 8c, 8GB RAM, 256GB Storage, Windows 11 Home)  Connected Laptop - Silver",418.32,Amazon,0,0,12-Apr-22
B0B6FP6YHQ,"Dell XPS 17 9720 17 UHD+ Laptop, Intel Core i7-12700H, 16GB RAM, 1TB SSD, NVIDIA GeForce RTX 3060 6GB, Touchscreen, Backlit Keyboard, Fingerprint Reader, Windows 11 Home (Silver)",2630.22,Amazon,1,3,13-Jul-22
B08CNL4SLF,"Acer TravelMate Spin B3 TMB311RN-31-P1PD FHD 11.6 Laptop (Pentium Silver N5030,4 GB DDR4 (provided memory is soldered),128 GB SSD,Windows 10 Pro) Shale Black",258.99,Amazon,0,0,25 Jun. 2020
B09TBL91P7,"Fusion5 14.1 Full HD Windows 11 Laptop - 128GB Storage, 4GB RAM, T90B+ Pro Model Lapbook, N4120 Intel Quad Core CPU, 5GHz WIFI (Dual-Band WIFI) 2x WIFI speeds, USB 3.0, Supports M.2 SATA SSD (128GB)",293.98,Amazon Warehouse,117,4.3,24 Feb. 2022
B09Y9CR7PF,"15.6 S15 N2 Full HD Windows 11 Professional Slim n Light Laptop - Intel N4020 - 128GB Storage, 4GB RAM, Intel Dual-Core Dedicated Num-Pad, Dual-Band WiFi, Expandable Storage",319.94,Amazon,142,4,19-Apr-22
B096FP6XSP,"TOPOSH PC Laptop Windows 10 Computer 14 Inch Notebook,12GB RAM+256GB SSD,Ultra High Definition,Dual Band WiFi,Backlit Keyboard,Celeron N5095, Quad Core 2.0 GHz Processor,Battery Capacity 5000mAh",359,TOPOSH Official Store,9,3.4,27 Oct. 2021
B09JZDWZG5,"Acer Swift X SFX16-51G 16 inch Laptop - (Intel Core i7-11390H, 8GB, 512GB SSD, NVIDIA RTX 3050, Full HD Display, Windows 11, Silver)",899.99,Amazon,18,4.6,21 Oct. 2021
B09RDSVML2,"ASUS TUF Dash FX517ZR 144Hz 15.6 Gaming Laptop (Intel i7-12650H, Nvidia GeForce RTX 3070, 16GB RAM, 1TB SSD, Windows 11), Off Black",1249,Amazon,35,4.2,28 Jan. 2022
B09DLJ4G4W,Dynabook Toshiba | Satellite Pro E10-S-101 | 11 HD | Laptop | Celeron N4020 | 4GB | 128GB SSD | Ruggedized for Education,134.99,Laptop Outlet UK,35,4.2,25 Aug. 2021
B097352G4Y,"ASUS Vivobook 15 OLED K513EQ 15.6 Full HD OLED Laptop (Intel i5-1135G7, Nvidia MX350 Graphics, 16GB RAM, 512GB SSD, Windows 10 with free Windows 11 upgrade)",695.96,Amazon Warehouse,72,4.2,11 Jun. 2021
B0B6G1PH9C,"Dell XPS 15 9520 15.6 OLED 3.5K Laptop, Intel Core i9-12900HK, 32GB RAM, 1TB SSD, NVIDIA GeForce RTX 3050Ti 4GB, Touchscreen, Backlit Keyboard, Fingerprint Reader, Windows 11 Home (Silver)",2949.99,Amazon,6,4.6,13-Jul-22
B08CGRGVMC,"ASUS 15.6 ChromeBook CX1500CNA HD Laptop (Intel Celeron N3350, 4GB RAM, 64GB eMMC, Chrome OS)",369.99,Amazon,76,4.3,22 Feb. 2021
B09M8R11GT,Mini 10.1inch Android Netbook Portable Ultrabook 2G DDR3 16GB Rom Quad-core Laptops With Keyboard Wifi Camera USB HDMI (White),159.99,Honlin,17,2.9,18 Nov. 2021
B086M93S8J,TOPOSH PC Laptop Windows 10 Computer 11.6 Inch Notebook 12GB RAM+128GB SSD Celeron J3455 Quad Core 1.5GHz Processor Graphics with TF Card Slot WIFI Bluetooth- Black,219,TOPOSH Store,30,3.2,1-Apr-20
B09D96LTXJ,Bigmachine 10.1 Inch Portable Quad Core 8GB Computer Laptop Mini PC Android 6.0 Netbook Slim and Lightweight Notebook WiFi Webcam Netflix YouTube Google Player Flash (Silver),119.6,bigmachine,67,2.7,30 Jun. 2021
B09F35RF3N,"jumper Laptop Microsoft 365 11.6 Inch HD Display(Intel Pentium Quad-core,4GB DDR4 RAM,64GB eMMC,Windows 10 Compact Laptop,USB 3.0,Bluetooth 4.2) Support 1TB SSD and 256GB TF card expansion,Silver",236.17,Amazon,111,4.4,31 Aug. 2021
B09H6T6KDM,Bigmachine Portable 12.5  HD Laptop Computer 6GB ROM 64GB RAM Windows 10 Preinstalled Intel Quad Core Netbook Thin & Light Bluetooth Webcam HDMI Zoom Long Battery Life (Pink),249,bigmachine,1,1,31 Aug. 2021
B0B5V842S1,"New Lenovo Quad Turbo Laptop, 32GB RAM, 500GB SSD, RX Vega Graphics, Win 11 Pro + Office Pro 2021",595,discount-city,12,3.9,5-Jul-22
B0BN8K7S9X,"ASUS Vivobook 16 M1603QA 16.0 WUXGA 16:10 300nits Laptop (AMD Ryzen 5-5600H, 16GB RAM, 512GB PCIe SSD, Windows 11), Silver",549.99,Amazon,0,0,24 Nov. 2022
B08L57DP2M,"MEDION ERAZER Crawler E10 Intel Core I5-10300H 8 GB 512 GB SSD 15.6 FHD NVIDIA GeForce GTX 1650 Gaming Laptop Bundle - Mouse And Mousepad, 30035109, Black",699.99,Amazon,11,3.1,5 Oct. 2022
B0B9NNLR65,"Dell Latitude 7490 14 FHD Laptop  Core i7-8650U (4.2GHz), UHD Graphics 620, 16GB DDR4, 1TB SSD, Fingerprint & Card Reader, vPro, WIFI 5 & BT 4.2, Windows 11 Pro Free Upgrade, Backlit Keys (Renewed)",524.99,Nanosoft Corporation Ltd,6,3.6,15 Aug. 2022
B0B5XPCGNC,"Lenovo IdeaPad Duet 3 10.95 Inch 2K AF (anti-fingerprint) Laptop - (Qualcomm Snapdragon 7c Gen 2, 4GB RAM, 128GB SSD, Chrome OS) - Storm Grey, 82T60018UK",349.99,Amazon,18,4.4,6-Jul-22
B09RDKS8RZ,"ASUS ROG Z13 Flow GZ301ZE 13.4 120Hz Touchscreen Gaming Laptop (Intel i9-12900H, Nvidia GeForce RTX 3050Ti, 16GB RAM, 1TB SSD, Windows 11), Black",1159.18,Amazon,28,4.6,28 Jan. 2022
B0B5H6NFZJ,"ASUS Vivobook 15 X515JA 15.6 Full HD Laptop (Intel Core i5, 8GB RAM, 256GB PCIe SSD, Windows 11)",415,Amazon Warehouse,138,4.4,30 Jun. 2022
B09S3T2NV8,"MSI GF63 Thin Gaming Laptop (11UC-241UK), Intel i5-11400H, 15.6 Full HD 144Hz Panel, Nvidia GeForce RTX3050, 8GB, 512GB PCIe SSD, Free upgrade for Windows 11 - Black, (9S7-16R612-241)",699,Amazon,6,4,9 Feb. 2022
B08CNKQKLX,"Acer TravelMate Spin B3 FHD 11.6 Laptop (Celeron N4120,4 GB DDR4 SDRAM,64 GB eMMC,Windows 10 Pro) Black",179.99,Edge Computers Limited,0,0,9-Jul-20
B09X62KYWR,"ASUS Zenbook Flip 14 OLED UP5401ZA 14.0 90Hz 2.8K Touchscreen OLED Laptop (Intel i5-12500H, 16GB RAM, 512GB SSD, 90Hz 550nits Touchscreen Windows 11) Includes Stylus Pen",899.99,Amazon,0,0,4-Apr-22
B09SG5BBLW,"Lenovo IdeaPad Gaming 3 15.6 inch FHD Laptop - (Intel Core i5-11300H, NVIDIA GeForce RTX 3050 Ti 4GB GDDR6, 8 GB RAM, 512GB SSD, Windows 11) - Shadow Black",749.99,Amazon,66,4.2,14 Feb. 2022
B08PBBG3GN,"MESH Computers HP 250 G7 15.6-inch Laptop, Intel Core i7-1065G7, 32 GB RAM, 1 TB SSD, Windows 11 Pro",999,Amazon,21,4.1,8 Dec. 2021
B09WRLBPDC,"ASUS ProArt Studiobook 16 OLED H7600ZW 16.0 4K 16:10 600nits OLED Laptop (Intel i7-12700H 14-core, NVIDIA GeForce RTX 3070 Ti 8GB Laptop GPU, 16GB DDR5 RAM, 1TB SSD, Windows 11) Includes ASUS Dial",2299.99,Amazon,15,3.3,25 Feb. 2022
B0BNKZ8877,"BYYBUO Laptop, 14 Inch FHD Display Laptop Windows 11 Home with Intel Celeron N3350 Processor, AZERTY Keyboard France, 4+64GB RAM, 512 GB SSD, Portable Laptop for Travel",222.99,Alllinktogether,0,0,29 Nov. 2022
B09K17DFTG,MEDION E15407 Core i5-1035G1 8 GB 512 GB Win 11 Laptop 30033540 Silver,519.99,Amazon,1,4,21 Oct. 2021
B09W2KCC8P,"Azeyou Laptop 14 inch (Intel Celeron N4020, 4GB RAM, 64GB eMMC, Window 11 OS), Full HD 1080P Display Notebook with USB 3.0,WIFI,Bluetooth 4.0, Green",199.99,Azeyou Global,4,3.5,16 Aug. 2022
B0B9SZFRYN,"ASUS P1511CEA-BQ0466X Laptop, 15.6 Inch Full HD 1080p Screen, Core i5-1135G7 11th Gen, 8GB RAM, 512GB SSD, Windows 11 Pro - 90NX05E1-M00J70",739.7,Amazon,0,0,16 Aug. 2022
B0B5LBWPD3,"ASUS TUF Gaming FX506HM 15.6 144Hz Full HD Laptop (Intel i7-11800H, Nvidia GeForce RTX 3060, 16GB RAM, 512GB SSD, Windows 11), Black",953.36,Amazon,26,4.4,1-Jul-22
B0BKG38JW8,"KOORUI Portable Monitor 15.6 inch 1080P FHD USB-C Laptop Monitor HDMI Computer Display IPS Gaming Monitor w/Premium Smart Cover & Speakers, External Monitor for Laptop/PC/Mac/Phone",119.99,Smart.EP-uk,1397,4.2,25 Oct. 2022
B08RYSY63H,"CHUWI GemiBook 13 inch Laptop Intel Celeron Quad Core and 2K Display 8GB RAM, 256G SSD Windows 10 Laptop with USB 3.0, 2.4G/5G WiFi, Backlit Keyboard",239.99,SUPER HUANG,150,4,10 Feb. 2021
B08M773G3W,"GeoBook 240 14-inch Windows 10 Laptop, Intel Pentium Quad-Core Processor, 4GB RAM, 64GB eMMC - Includes 1-Year Microsoft 365 Personal",177.06,Amazon,76,4,29 Oct. 2020
B07QZ46Q1N,"HP Elitebook 840 G3 Laptop Intel i7-6600U 2.6GHz, 16GB RAM, 512GB SSD, Windows 10 Pro (Renewed)",491.64,Nanosoft Corporation Ltd,512,4.2,24-Apr-19
B0999NKQGY,"Razer Blade 17 - 17.3 Inch Gaming Laptop with 120Hz UHD Display (Intel Core i9-11900H, NVIDIA RTX 3080, 32GB RAM, 1TB SSD, PCIe Gen 4) UK Layout | Black",3451.73,Amazon,28,3.7,13-Jul-21
B08HM7139C,"Microsoft Surface Laptop Go Ultra-Thin 12.4 Touchscreen Laptop (Ice Blue) - Intel 10th Gen Quad Core i5, 8GB RAM, 128GB SSD, Windows 10 Home in S Mode, 2020 Edition",422.17,Amazon Warehouse,104,4.4,1 Oct. 2020
B0BJ2QBVBS,"DELL Inspiron 15 3502 8GB DDR4, 512GB SSD  Intel Pentium Silver N5030 (4 Cores, 3.1GHz), Intel UHD Graphics 605, WIFI 5 & BT 5, Free Windows 11 Pro Upgrade, UK Keyboard Layout (Renewed)",527.99,Cybist,0,0,13 Oct. 2022
B09Q2TH62G,"ASUS ZenBook Flip OLED UX363EA 13.3 Intel EVO Convertible Laptop (Intel i5-1135G7, 16GB RAM, 512GB SSD, Backlit Keyboard, Windows 11) Includes Stylus, USB-C to Audio Jack, Pine Grey, UX363EA-HP924W",799.99,Amazon,28,4.2,10 Jan. 2022
B0BH8DMH1B,"Lenovo IdeaPad 1 15.6 Inch FHD Laptop (AMD Ryzen 5 3500U, 8GB RAM, 256GB SSD, Windows 11 Home in S mode) - Cloud Grey, 82R1005GUK",449,Amazon,11,4.1,4 Oct. 2022
B09XMXV5GR,"LG gram laptop 17Z90Q - 17 Inch, Intel Evo Core i7 - 12th Gen, 80Wh Battery, (2560 x 1600 px), 16 GB RAM, 1 TB SSD Memory, Windows 11 OS - Black",1292.03,Amazon,161,4.2,30-May-22
B09VCHWKNW,"MSI Summit E16 Flip EVO A12MT, 16 Notebook, Microsoft 365 Bundled, Full HD 100% RGB with Pen Touch, Intel i7-1280P, Iris Xe, 16GB LPDDR5, 512GB PCIe 4x4 SSD, WiFi 6E, Windows 11 Home - Ink Black",1099,Amazon,5,4.6,11 Mar. 2022
B09T71DHC2,Samsung Galaxy Book2 12th Gen Intel Core i5 with Windows 11 Home 15.6 Inch Laptop 8GB RAM 256GB Storage Mystic Silver (UK Version),29,Amazon,5,5,25-Apr-22
B09S9NRW77,"ASUS ROG Zephyrus Duo GX650R GX650RX-LO013W 16 WUXGA 165Hz Dualscreen Gaming Laptop (AMD Ryzen R9-6900HX, Nvidia GeForce RTX 3080Ti, 64GB RAM, 4TB SSD, Windows 11)",4414.67,Amazon,5,5,11 Feb. 2022
B0B5XRGM5R,"Lenovo IdeaPad 5 Chromebook 14 Inch Full HD Laptop - (Intel Core i5-1135G7, Integrated Intel Iris Xe Graphics, 8GB RAM, 256GB SSD, Chrome OS) - Storm Grey",498.62,Amazon,46,4.4,6-Jul-22
B0BH8BKSVQ,"Lenovo IdeaPad 1 15.6 Inch FHD Laptop (AMD Ryzen 7 3700U, 8GB RAM, 512GB SSD, Windows 11 Home in S mode) - Cloud Grey, 82R1005HUK",549.99,Amazon,2,2,4 Oct. 2022
B09GVY28YL,"Samsung Galaxy Chromebook Go, XE345XDA-KA2UK Chrome OS Laptop, 14 Inch Full HD LED Screen, 4GB RAM, 64GB Memory, Silver (UK Version)",349,Amazon,1,5,29 Oct. 2021
B0928LZFT3,"TOPOSH 14 inch Laptop Windows 10 PC Notebook Computer,6GB RAM+128GB SSD,Celeron J3455 Quad-Core Graphics 1.5 Ghz,Expandable Storage,Supports Wifi and Bluetooth 4.0-Gray",199,TOPOSH Store,2,2.2,22 Sept. 2020
B09F34BMMD,"jumper Laptop13.3 Inch Full HD 1920 x 1080 IPS Microsoft 365 4GB RAM 128GB ROM Windows 10 Intel Celeron Processor Thin and Light Laptop Dual Band 5GHz WiFi,Supports 256GB TF Card, 1TB SSD Expansion",212.27,Amazon,17,3.2,31 Aug. 2021
B09RPV72FX,"MSI Prestige 15 A12UD-036UK, 15 inches Notebook, Full HD close to 100% sRGB, Intel i5-1240P, Nvidia RTX3050Ti, 8GB LPDDR4, 512GB PCIe Gen 4x4 SSD, WiFi 6E, Windows 11 - Carbon Gray",749,Amazon,4,3.3,2 Feb. 2022
B0BFJ9HKWM,"ASUS Chromebook 11 CX1101CMA 11.6 Laptop (Intel Celeron N4020, 4GB RAM, 64GB eMMC, Google Chrome OS)",214.39,Amazon,1,5,16 Sept. 2022
B096XNH1VG,"ASUS Vivobook E510MA 15.6 Full HD Laptop (Intel Pentium N5030, 4GB RAM, 128GB eMMC, Windows 10) Includes 1 Year Microsoft Office Subscription",229.99,Amazon,27,4.1,9 Jun. 2021
B0BF4V8469,"2-in-1 Mini Laptop Computer,Windows 11 Intel N4020C Processor 8.9 inch HD Touchscreen(1536 * 2048 IPS) with Detachable Keyboard DDR3 4GB RAM, 64GB ROM, Suitable for Business, Study and Entertainment",169,Alllinktogether,13,3.3,8 Oct. 2022
B0BN5HJ4CZ,Acer 2022 New Nitro 5 - 15.6 144 Hz IPS - Intel Core i5 12th 12500H - NVIDIA GeForce RTX 3050 - Thunderbolt 4 - Killer Wi-Fi 6 - Windows 11- Gaming Laptop w/Mouse pad (16GB RAM | 512GB PCIe SSD),891.39,Amazon,0,0,8 Dec. 2022
B0BMVHL5F9,"ASUS ROG Zephyrus G14 14 120Hz QHD Laptop, AMD Ryzen 9 5900HS (8 Cores, 4.6GHz), NVIDIA RTX 3060 6GB, 32GB DDR4, 1TB SSD, WIFI 802.11ax & BT 5.1, Windows 10 Pro - UK RGB Backlit Keyboard (Renewed)",1699.99,Amazon,0,0,18 Nov. 2022
B097F2J38Z,"Acer Chromebook Spin 513 CP513-1H - (Qualcomm SC7180, 4GB, 64GB eMMC, 13.3 inch Full HD Touchscreen Display, Google Chrome OS, Silver)",299,Amazon,69,4.3,17 Jun. 2021
B09X61Y995,"ASUS Zenbook 14 OLED UX3402ZA 14.0 2.8K OLED Touchscreen 90Hz Laptop (Intel i5-1240P, 16GB RAM, 512GB SSD, Windows 11, 400nits 90Hz screen)",699.99,Amazon,16,3.7,4-Apr-22
B08HS5RB15,"HP EliteBook 840 G5 14-inch Laptop - Core i5 1.7GHz CPU, 8GB RAM, 256GB SSD, Windows 10 Pro (Renewed)",349,PC Renewed,4,4,10 Sept. 2020
B09XBRZFGX,"ASUS Chromebook CX1 (CX1500) 15.6 HD Laptop (Celeron N4500, 4 GB RAM, 64 GB eMMC, Chrome OS), Silver",299.99,Amazon,2,5,6-Apr-22
B08XB5GPNX,"NBD Laptop 14.1 inch Windows 10 Netbook,4 GB RAM 64 GB ROM,Support 256GB TF card and 1TB SSD Expansion,Laptops equipped with Laptop Bag, Mouse, Mouse Pad & Headphone",259,NiuBi,55,3.8,24 Feb. 2021
B0B1VRTTL8,"Acer Predator Triton 300 PT314-52s 14 inch Gaming Laptop - (Intel Core i7-12700H, 16GB, 1TB SSD, NVIDIA GeForce RTX 3060, WUXGA 144Hz Display, Windows 11, Silver)",1299.99,Amazon,43,4.4,20-May-22
B09GKMBMJ2,"ASUS ZenBook Flip S13 UX371EA 13.3-inch 4K Touchscreen OLED Laptop (Intel i7-1165G7, 16GB RAM, 1TB SSD, Backlit Keyboard, Windows 11) includes Stylus Pen, Sleeve, USB-C to Audio Jack, Black",811.38,Amazon,45,3.8,17 Sept. 2021
B08XBMHTTR,"ASUS VivoBook with Microsoft Office 365 - X515EA Full HD 15.6 Inch Laptop (Intel i3-1115G4, 4GB RAM, 128 GB SSD, Windows 10) Includes 1 Year Microsoft Office 365 Subscription",449.99,Amazon,75,4.2,24 Feb. 2021
B09C1VPKG3,"ASUS ROG Zephyrus S17 GX703HS 17.3 Ultra HD 4K 120Hz Gaming Laptop (Intel i7-11800H, NVIDIA GeForce RTX 3080, 16GB RAM, 2TB SSD, Windows 10)",2099,Amazon,5,3.9,6 Aug. 2021
B09SG6PSQV,"Lenovo Yoga Slim 7 Pro 16 inch WQXGA touchscreen Laptop - (AMD Ryzen 7 5800H , 16 GB RAM, 512 GB SSD, Windows 11) - Storm Grey",1054.97,Amazon,102,4.2,14 Feb. 2022
B0B64DCFFX,"Dell Inspiron 3520 15.6 FHD 120Hz Laptop, Intel Core i7-1255U, 16GB RAM, 512GB SSD, Windows 11 Home (Platinum Silver)",899,Amazon,9,3.6,8-Jul-22
B0B1JBK4QJ,"ASUS Zenbook 14X OLED UX5401EA 2.8K OLED Laptop (Intel i5-1135G7, 8GB RAM, 512GB SSD, Windows 10 with Free Upgrade to Windows 11)",619,Amazon,7,3.6,17-May-22
B09XJ13PRY,"HP 17-cn0041na FHD Laptop - Intel Pentium Gold 7505 (2 Cores, 3.5GHz), Intel UHD Graphics, 8GB DDR4, 512GB SSD, WIFI 5 & BT 4.2, Free upgrade to Windows 11  UK Keyboard layout (Renewed)",649.99,Cybist,1,5,8-Apr-22
B0BR93LTR2,"Acer Aspire 3 Business Laptop, 17.3 FHD IPS Micro-Edge Display, 11th Gen Intel Core i3-1115G4, 16GB RAM, 512GB PCIe SSD+1TB HDD, HDMI, RJ45, WiFi, Webcam, KeyPad, US Version KB, Win 10",549.99,uShopMall-USA,0,0,29 Dec. 2022
B095PVBKVM,"Toshiba Dynabook Satellite Pro C40-H-111 FHD 14 Laptop (Intel Core i5 (10th Gen) 1035G1 / 1 GHz (3.6 GHz) / 6 MB Cache,8 GB DDR4 RAM,256 GB SSD,Windows 10 Pro), Dark Blue",597.27,Amazon,2,3.5,24-May-21
B082P7ZV8R,"Lenovo ThinkPad X260 12.5 Ultrabook - Core i5-6300U 2.4GHz, 8GB RAM, 512GB SSD, HDMI, WiFi, WebCam, Windows 10 Professional 64-bit (Renewed)",249,MicroDream Ltd,9,3.8,12 Dec. 2019
B08938FX9G,"iOTA IO082 Flo 11.6-Inch Laptop (Intel Celeron, 4GB RAM, 64GB eMMC, Windows 11) Includes 1 Year Microsoft Office 365 Subscription [Amazon Exclusive],Black",179.99,Amazon,1402,4,22-May-20
B0B9GSHTP4,"Lenovo Yoga Chromebook C630 15.6 Inch UHD Laptop - ( Intel Core i7-8550U, 16GB RAM, 128GB SSD, Chrome OS) - Midnight Blue",499.99,Amazon,29,3.8,12 Aug. 2022
B09VK7M9ZR,"New Lenovo High Spec Ryzen 5 Quad Turbo 3.7GHz Laptop, 8GB RAM, 512GB Very Fast SSD, HD Graphics, Win 11 Pro, MS Office Pro Plus, Very Long Battery Life ",588.84,TecBuyer,20,4.2,9 Mar. 2022
B09GKM2K2F,"ASUS Vivobook Pro OLED M3401QA 14 Inch 2.8K 16:10 Laptop (AMD Ryzen 9-5900HX, 16 GB RAM, 1 TB SSD, Backlit Keyboard, Windows 11), Queit Black",799.99,Amazon,15,3.7,17 Sept. 2021
B0868S67F2,Lenovo 14in ThinkPad T450 Ultrabook - HDF+ (1600x900) Core i5-5300U 8GB 512GB SSD WebCam WiFi Bluetooth USB 3.0 Windows 10 Professional 64-bit PC Laptop (Renewed),259,MicroDream Ltd,22,3.5,1-May-18
B09C8W3TJC,"Lenovo IdeaPad Flex 5 14 Inch FHD 2-in-1 Laptop - (Intel Core i5, 8 GB RAM, 256 GB SSD, Windows 10 S Mode) - Abyss Blue",497.99,Amazon,7,4.4,10 Aug. 2021
B0BD5Q6LMG,dynabook Toshiba | Tecra A40-K-101 | 14 FHD | Laptop | Core i7-1260P | 16GB | 512GB PCle | Win10 Pro DG (Win11),1138,Amazon,0,0,5 Sept. 2022
B09V19WNFJ,GEO  GeoBook 140 Minecraft Edition Green 14.1 Windows 11 Home (Celeron N3450/64GB SSD/4GB DDR4/Intel UHD Graphics 600),227,Amazon,4,3.3,7 Mar. 2022
B09RQT4HFH,"Acer Spin 1 SP114-31N 14 inch Convertible Laptop - (Intel Pentium N6000, 4GB, 128GB SSD, Full HD Touchscreen Display, Microsoft Office 365, Windows 11 in S Mode, Silver)",360.72,Amazon Warehouse,50,4.2,3 Feb. 2022
B08BJ9Z5V3,"Lenovo IdeaPad Flex 3 11.6 Inch HD 2-in-1 Laptop - (Intel Celeron, 4 GB RAM, 32 GB eMMC, Chrome OS) - Abyss Blue",279.99,Amazon,518,4.6,19 Jun. 2020
B0B5H9TJDG,"Razer Blade 17 - 17.3 Inch Gaming Laptop with 4K 144 Hz UHD Display (NVIDIA RTX 3070 Ti, Intel Core i9 12900H, 32GB DDR5 RAM, 1TB SSD, Vapor Chamber Cooling, Windows 11) UK Layout | Black",3529.99,Amazon,0,0,30 Jun. 2022
B09QT1MXXT,"ASUS TUF Gaming FA506IC 15.6 Full HD 144Hz Gaming Laptop (AMD Ryzen 7-4800H, Nvidia GeForce RTX 3050 Graphics, 8GB RAM, 512GB SSD, Windows 11)",772.79,Amazon Warehouse,22,4.2,20 Jan. 2022
B082P7RKY6,"Lenovo ThinkPad X270 12.5 - Core i5 2.4GHz, 8GB RAM, 256GB SSD (Renewed)",199.99,PC Renewed,87,4.3,12 Dec. 2019
B08CNLPPDG,"Lenovo IdeaPad 3i 15.6 Laptop - Pentium Gold 2.4GHz CPU, 4GB RAM",279.99,Amazon,2,4.6,9-Jul-20
B09KZVLPJ5,"HOARDER Mini Notebook 10.1 Inch Windows 10 PC laptop,6GB RAM+128GB SSD, Ultra High Definition, Dual Band WiFi, Metal Body,Celeron N4120, Quad Core 1.1 GHz Processor,Battery Capacity 5000mAh",249,TOPOSH Official Store,1,5,4 Nov. 2021
B09HCL19YL,"Razer Book 13 - Ultra Lightweight Productivity Laptop (13.4 Inch Touch FHD-60Hz Display, Intel Core i7-1165G7, 16GB RAM, 512GB SSD, Iris Xe, Windows 11) UK Layout | Quartz",1049.99,Amazon,24,4.3,5 Oct. 2021
B0BNPCKLGT,"BYYBUO 14,1 inch HD+ laptop, 4 GB RAM, 128 GB SSD, BT 4.0, Windows 10, zilver (Green)",229,byybuo,0,0,1 Dec. 2022
B09XN7YTLH,Lenovo V V15 Notebook 39.6 cm (15.6) Full HD Intel Core i5 8 GB DDR4-SDRAM 256 GB SSD Wi-Fi 5 (802.11ac) Windows 11 Pro Black,463.99,MESH Computers,0,0,15 Mar. 2022
B09CTMPHX4,"TOPOSH 15.6 Inch Laptop Computer, Windows 10 PC Notebook ,8GB RAM 256GB SSD,Intel Celeron 5205 (up to 1.9Ghz,with backlit Keyboard,Dual Wifi, Bluetooth 4.2-Grey",359,TOPOSH Store,12,4,17 Aug. 2021
B0999KFRD2,"Dell XPS 17 9710 17 UHD+ Laptop, Intel Core i7-11800H, 16GB RAM, 1TB SSD, NVIDIA GeForce RTX 3060 6GB, Touchscreen, Backlit Keyboard, Fingerprint Reader, Windows 10 Home, (Platinum Silver)",2699,Amazon,1,1,13-Jul-21
B08CDZ775B,"HP 14 HD Laptop PC 14s-fq0023na, AMD 3020e, 4GB RAM, 64GB SSD, Windows 11 in S Mode, with Microsoft 365 Personal 12 months included - Blue",219.11,Amazon Warehouse,226,4.4,6-Jul-20
B0BF9YJMJV,"Laptop TECLAST 15.6 Inch F15PLUS2 8GB DDR4 256GB SSD, Intel Celeron N4120 Up to 2.60GHz, Windows 10,1920x1080IPS,Dual Band WiFi+Bluetooth 4.2+USB 3.0+HDMI+Type-C+TF+Dark Grey",339.99,Hooya-S,437,4,14 Sept. 2022
B09PVND7WW,Dynabook Toshiba | Satellite Pro C40-J-11J | 14 FHD | Laptop | Core i7-1165G7 | 16GB | 512GB PCIe SSD | Win10 Pro (DG Win11 Pro),799,EU Design Store,0,0,6 Jan. 2022
B09FDZMMZM,"HP 15-dw1025na 15.6 FHD Laptop - Pentium Gold 6405U (2 Cores, 2.4GHz), Intel UHD Graphics, 8GB DDR4, 256GB SSD, WiFi 11ac & BT 4.2, Windows 10 Pro  UK Keyboard Layout - 2N1J9EA (Renewed)",439.99,Cybist,0,0,3 Sept. 2021
B09LFC8XSV,"New DELL Ryzen 5 Quad Turbo 3.7GHz! Laptop, 16GB RAM, RX Vega 8 Graphics, 256GB SSD, Long Batt Life, Win 11 Pro, Office 2021 Pro Plus for life ",679,discount-city,55,4.3,9 Nov. 2021
B09FQ56FF9,Fsjun Win11 / MS 2019office All metal 7.0 inch touch screen Ultra-light mini laptop High-speed CPU J4125 12G RAM/512GB SSD High-performance notebook computer (512GB SSD),329.66,Fsjun,25,4.3,8 Sept. 2021
B0BLYZXSN3,"SGIN 15.6 Inch Laptop Windows 11 8GB DDR4 256GB SSD (TF 512GB), Intel Celeron N4020 Processor(Up to 2.8GHz), HD Notebook with 2xUSB 3.0, Dual Band WiFi, Bluetooth 4.2(Gray)",359.99,SGIN STORE,618,4.6,10 Nov. 2022
B097RG7XNY,"ASUS Touchscreen Full HD 14 inch ChromeBook CX5400FMA Laptop (Intel Core i3-1110G4, 8GB RAM, 256GB SSD, Chrome OS, Touchscreen, Backlit Keyboard) Includes Stylus Pen",599.99,Amazon,106,4.1,23 Jun. 2021
B0B4NN89WQ,"MSI Notebook Crosshair 15 Gaming Laptop (B12UEZ-295UK), Intel Core i9-12900H, 15.6 Inches QHD 165Hz Panel, NVIDIA GeForce RTX 3060, 16GB, 1TB SSD, Windows 11 - Multi-Color Gradient",1399,Amazon,1,5,25 Jan. 2022
B09SV3Q4K2,Lenovo V15 G2 Ryzen 5 8GB RAM 256GB SSD Windows 11 Pro 15.6 Laptop,383.47,Amazon,6,4.6,18 Feb. 2022
B09SG62JTV,"Lenovo Yoga 7 14 inch FHD Laptop - (AMD Ryzen 7 5800U, 16 GB RAM, 512GB SSD, Windows 11) - Slate Grey (82N7009PUK)",899.99,Amazon,6,5,14 Feb. 2022
B0B9GP5RKN,"Lenovo IdeaPad Gaming 3 15.6 Inch FHD Laptop - (Ryzen 5 5600H, NVIDIA GeForce RTX 3060 6GB GDDR6, 8GB RAM, 512GB SSD, Windows 11 Home) - Shadow Black",779.99,Amazon,6,4.2,12 Aug. 2022
B081NJGWJV,LENOVO - PC MOBILE TOPSELLER WINBOOK 14W A6 9220C 4GB 128GB 14 IN W10P ACADEMIC IN,360.06,Amazon,4,3.5,29 Mar. 2020
B09M7P1ZWB,"Lenovo IdeaPad 3i 15 Inch Full HD Laptop (Intel Core i5, 8GB RAM, 256GB SSD Storage, Intel UHD Graphics, Windows 11)  Abyss Blue",415.06,Amazon Warehouse,65,4.4,18 Nov. 2021
B0BJ33JWFV,"MSI Notebook Titan GT77 12UGS-049UK, i7-12800HX, 8GB*2, 1TB M.2 PCIe SSD, 17.3 120Hz UHD, RTX 3070 Ti GDDR6 8GB, Windows 11 Home",3899,Amazon,0,0,13 Oct. 2022
B09SLWPD2J,"ASUS Vivobook 15 X515EA 15.6 Full HD Laptop (Intel Core i5-1135G7, 8GB RAM, 512GB SSD, Microsoft Windows 10 with free upgrade to Windows 11)",361.43,Amazon Warehouse,26,4.4,16 Feb. 2022
B09QFV9V9J,"ASUS ROG Strix G15 G513QY-HQ008W - Advantage Edition - Ryzen 9 5900HX / 3.3 GHz - Win 11 Home - Radeon RX 6800M - 16 GB RAM - 1 TB SSD NVMe - 15.6 2560 x 1440 (WQHD) @ 165 Hz-Wi-Fi 6, Original Black",1298.99,Amazon,8,3.8,14 Jan. 2022
B08ML7CFPW,"ASUS M515DA 15.6-inch Laptop, AMD Ryzen 3 3250U, 20 GB RAM, 256 GB SSD, Windows 10 Pro",399,MESH Computers,24,4.2,29 Oct. 2020
B09LKJGV3G,"2022 Lenovo Quad Turbo Laptop, 8GB RAM, 256GB SSD, RX Vega Graphics, Win 11 Pro, MS Office Pro Plus",464.44,TecBuyer,46,4.1,9 Nov. 2021
B09X698HK1,"ASUS Zenbook Pro UX7602ZM 16.0 4K OLED Touchscreen Laptop (Intel i9-12900H, Nvidia GeForce RTX 3060, 32GB RAM, 2TB SSD, Windows 11, 4K OLED 16:10 550nits Touchscreen)",2502.91,Amazon,5,4.5,4-Apr-22
B0B64GGQKS,"Dell Inspiron 5420 14 FHD+ Laptop, Intel Core i5-1235U, 8GB RAM, 512GB SSD, Backlit Keyboard, Fingerprint Reader, Windows 11 Home (Platinum Silver)",690.92,Amazon,1,5,8-Jul-22
B09JC3D7PV,LincPlus P3 Laptop 14 inch Notebook Full HD Netbook Intel Celeron N3350 Processor 4GB RAM 128GB Storage Upgradable up to 512GB Windows 10 Ultrabook White PC,188.1,LincPlus,787,4,13 Oct. 2021
B095YNRYTV,LincPlus P2 14 Inch Laptop 1080P Full HD Notebook Intel Celeron N3350 4GB RAM 64GB eMMC Storage Upgradeable up to 500GB Windows 10 S Netbook PC,209,LincPlus,404,4,6 Jun. 2021
B0B5XQG4PH,"Lenovo Ideapad 3 17IAU7 17 Inch HD Cloudbook Laptop - (Intel Pentium 8505, 4GB RAM, 128GB SSD, Windows 10S) - Arctic Grey",379.99,Amazon,418,4.5,6-Jul-22
B096N12FP7,"HP 15.6 HD Micro-Edge Laptop Scarlet Red, Intel 4-Core Pentium Silver N5030 up to 3.10 GHz, 16GB RAM, 512GB SSD, Webcam, USB-C, Ethernet, Numberpad, HDMI, Myrtix HDMI Cable, Win 10 Home S",584.99,uShopMall-USA,21,4.6,26-May-21
B09R25RPP2,"MSI Katana GF76 Gaming Laptop (12UD-027UK), Latest 12th Gen i7-12700H, 17.3 Inch FHD 144 Hz Panel, NVIDIA GeForce RTX 3050 Ti, 16 GB, 512 GB, Windows 11 - Black",951.81,Amazon,46,4.3,1 Feb. 2022
B07JR7H5NK,"FANCY CHERRY 10 inch 8GB Laptop Netbook Notebook PC Ultrabook Android 4.4 HDMI Dual Core WIFI Camera, Accessories Laptop Bag + Mouse + Mouse Pad + Earphone (Pink)",139.99,Health Sport Watch UK,370,2.8,28 Oct. 2018
B099ZWNZX6,"HUAWEI MateBook D 15.6'' Laptop, Full View 1080P FHD Ultrabook PC- (Intel Core i5-10210U, Multi-screen Collaboration, 8GB RAM, 512GB SSD, Windows 10 Home, FREE Upgrade to Windows 11), Grey",641.73,Amazon,56,4.5,21-Jul-21
B09X63GB82,"ASUS Vivobook 15 E510MA 15.6 Full HD Laptop (Intel Celeron N4020, 4GB RAM, 64GB eMMC, Windows 11 with Microsoft Office 365 included), Blue",199.99,Amazon,60,4.2,4-Apr-22
B098KCH8XG,"Lenovo IdeaPad 3i 15 Inch Full HD Laptop (Intel Core i3-1115G4 Processor, 4GB RAM, 128GB Storage, Windows 10 Home S Mode) - Abyss Blue",444.97,Amazon,25,4.2,2-Jul-21
B09R63Z5L7,Acer Aspire Vero AV15-51-7617 Green PC | 15.6 FHD IPS 100% sRGB-Display | 11th Gen Intel Core i7-1195G7 | Intel Iris Xe Graphics | 16GB DDR4 | 512GB NVMe SSD | Wi-Fi 6 | PCR Materials | Vero-Sleeve,654.1,Amazon,157,4.5,26-Apr-22
B09S9PQKJF,"ASUS ROG Zephyrus G15 GA503RS 15.6 WQHD 165Hz Gaming Laptop (AMD Ryzen R7-6800H, Nvidia GeForce RTX 3080, 16GB RAM, 1TB SSD, Per Key RGB, Windows 11), Moonlight White",1683.48,Amazon,10,4.1,11 Feb. 2022
B09MSGWJFR,"ASUS Vivobook L410MA Full HD 14.0 inch Laptop (Intel Celeron N4020, 4GB RAM, 64GB eMMC, Windows 11) Ships with 1 Year Microsoft Office 365 Subscription",179.99,Amazon,628,4.3,1 Jan. 2022
B0BN1PNFYX,"ASUS TUF F17 FX707ZV 17.3 144Hz Full HD Gaming Laptop (Intel i5-12500H, Nvidia GeForce RTX 3050, 8GB RAM, 512GB SSD, Windows 11)",999.99,Amazon,0,0,17 Nov. 2022
B0B15HQPXZ,"Lenovo IdeaPad 3 14 Inch Touch Screen, 4GB RAM, 64GB Storage Chrome OS - Storm Grey (Top), Dark Grey (Bottom) Chromebook Laptop",299.99,Amazon,20,4,12-May-22
B0B6G61Q58,"Dell XPS 17 9720 17 UHD+ Laptop, Intel Core i9-12900HK, 32GB RAM, 1TB SSD, NVIDIA GeForce RTX 3060 6GB, Touchscreen, Backlit Keyboard, Fingerprint Reader, Windows 11 Home (Silver)",3049,Amazon,5,4,13-Jul-22
B08QFRSVC2,HP 14 EliteBook 840 G3 Ultrabook - Full HD (1920x1080) Core i7-6600U 8GB DDR4 256GB SSD WebCam WiFi Windows 10 Professional 64-bit Laptop PC (Renewed),273,Compuclear,9,3.7,12 Dec. 2020
B09VTKYS2D,Dynabook Toshiba | ET10-G-106 | 10.1 HD Screen with detachable KB | Laptop | Intel N3350 | 4GB | 128GB| Win10 Pro,129.98,Laptop Outlet UK,33,3.8,17 Mar. 2022
B08HMZYY3Q,"Office 2019/8GB Only 0.9KG 11.6 inch Ultra-Thin Laptop Celeron J3455 Quad Core Processor 8G RAM/256GB SSD WiFi/HDMI High-spec Performance Notebook with Wireless Mouse (8G+256GB SSD, White)",268.99,Fsjun,9,3.8,8 Sept. 2020
B09JZGD513,"Acer Swift X SFX14-41G 14 inch Laptop - (AMD Ryzen 5 5600U, 8GB, 512GB SSD, NVIDIA RTX 3050, Full HD Display, Windows 11, Blue/Silver)",728.99,Amazon,18,4.6,21 Oct. 2021
B08HS7HG1F,HP EliteBook 840 G6 - Core i5 8265U - 8 GB RAM - 256 GB SSD 14 Laptop (Renewed),650,PC Renewed,0,0,10 Sept. 2020
B082P8NJTX,Lenovo ThinkPad T450 14.1-inch i5-5300U 8GB 256GB SSD WebCam WiFi Bluetooth USB 3.0 Windows 10 Professional 64-bit PC Laptop (Renewed),189,Amazon,203,4.1,12 Dec. 2019
B0B4BG1LYW,Lenovo V V15 Notebook 39.6 cm (15.6) Full HD AMD Ryzen 5 8 GB DDR4-SDRAM 512 GB SSD Wi-Fi 5 (802.11ac) Windows 11 Home Black,620.25,Amazon,1,5,16 Jun. 2022
B0BJ2RMR4S,"Alienware x17 R2 17.3 FHD 480Hz Gaming Laptop, Intel Core i9-12900HK, NVIDIA GeForce RTX 3080 Ti 16GB, 32GB RAM, 1TB SSD, Windows 11 Home (Lunar Light), WWMDX",4939.99,Amazon,0,0,13 Oct. 2022
B09P419RZP,"HP Pavilion x360 14 2-in-1 Laptop PC 14-dy0032sa, Touch Screen, Windows 11, Intel i3, 8GB RAM, 128GB SSD, FHD, Natural silver",478.39,Amazon Warehouse,13,4.6,23 Dec. 2021
B0B9CCQ2JX,"ASUS Vivobook Flip DR110FA 11.6 Touchscreen Laptop (Intel Celeron N4500, 4GB RAM, 64GB eMMC, Windows 10 Pro) Includes 3 Year ASUS warranty",195.85,Amazon Warehouse,41,4.4,11 Aug. 2022
B09VCL8MT8,"MSI Prestige 15 A12UD, 15 Notebook, Microsoft 365 Bundled, Full HD close to 100% sRGB, Intel i5-1240P, Nvidia RTX3050Ti, 8GB LPDDR4, 512GB PCIe Gen 4x4 SSD, WiFi 6E, Windows 11 - Carbon Gray",693.76,Amazon,4,3.3,11 Mar. 2022
B08MKS6D5Z,"ASUS M515DA 15.6-inch Laptop, AMD Ryzen 3 3250U, 8 GB RAM, 256 GB SSD, Windows 10 Pro",349,MESH Computers,58,4.3,29 Oct. 2020
B09BZPC735,Samsung Galaxy Book Pro Intel Core i7 with Windows 10 Pro 13.3 Inch Laptop 16GB RAM 256GB Storage Silver (UK Version),699.99,Amazon,0,0,3 Aug. 2021
B0B9T1VT71,"ASUS Vivobook 15 X515JA 15.6 Full HD Laptop (Intel Core i5, 8GB RAM, 512GB SSD, Windows 11), Silver",394.92,Amazon Warehouse,24,3.7,16 Aug. 2022
B09H6WX36X,Bigmachine Portable 14 Inch Laptop Computer 6GB ROM 64GB RAM Windows 10 Preinstalled Intel Quad Core Thin & Light Bluetooth Webcam HDMI Zoom Long Battery Life (Silver),269,bigmachine,0,0,31 Aug. 2021
B09X6L58LG,"ASUS Vivobook Pro 16X OLED N7600ZE 16.0 4K OLED Laptop (Intel i7-12650H, Nvidia GeForce RTX 3050Ti, 16GB RAM, 512GB SSD, Windows 11, 550nits Screen)",1299.99,Amazon,1,4,4-Apr-22
B09TFCDCVF,"ASUS Vivobook 15 X515EA 15.6 Full HD Laptop (Intel i7-1165G7, 16GB RAM, 512GB SSD, Windows 11)",649.15,Amazon Warehouse,64,4.6,8 Mar. 2022
B0B64GZ732,"Dell Inspiron 5420 14 FHD+ Laptop, Intel Core i7-1255U, 8GB RAM, 512GB SSD, Backlit Keyboard, Fingerprint Reader, Windows 11 Home (Platinum Silver)",799,Amazon,4,4.5,8-Jul-22
B08NPCBGSZ,"CHUWI Windows Laptop FHD (2160x1440) IPS Dispaly, Gemibook Pro 14 Inch Intel Laptops with Windows 11, 8GB LPDDR4+256GB Ultra Thin Metal Notebook, WiFi 6, USB 3.0,Type-C, Fast Charge",239,"BIG FAN TRADING CO., LTD",314,3.9,7-May-21
B08BHX6917,TOPOSH Laptop Windows 10 Computer 11.6 Inch PC Notebook 8GB RAM+128GB SSD Celeron J3455 Quad Core 1.5GHz Processor Graphics with US Keyboard WIFI Bluetooth- Black,209,TOPOSH Store,30,3.2,20 Jun. 2020
B0BL9B8KMT,"ASUS TUF Gaming FX706HM 144Hz Gaming Laptop (Intel i7-11800H, Nvidia GeForce RTX 3060, 16GB RAM, 1TB SSD, Windows 11)",999.99,Amazon,0,0,3 Nov. 2022
B0BRM3YDJ5,"TECLAST Laptop 14 Inch F7 Plus2 Windows 11 Computer, 8GB RAM 256GB SSD(1TB Expandable), Intel Gemini Lake N4120 Quad Core Processor Up to 2.6GHz, FHD 1920x1080 IPS WiFi+USB 3.0+Bluetooth+Mini-HDMI",269.99,Hooya-S,2,5,4 Jan. 2023
B089QJ47PL,TOPOSH 10.1 Inch Windows 10 Laptop PC Mini Computer Notebook 2GB RAM+32GB SSD Intel Atom X5-Z8350 Quad-Core Graphics 1.92 GHz Supports TF Card Bluetooth 4.0 Wifi HDMI - White,129,TOPOSH Store,69,3.5,5 Jun. 2020
B098FDN5L6,"New Lenovo Quad Turbo Laptop, 32GB RAM, 500GB SSD, RX Vega Graphics, Win 11 Pro + Office Pro 2021 Full HD",638.88,TecBuyer,95,4.2,1-Jul-21
B08ZJHC7KG,HP 255 G8 15.6 Ryzen 5 8GB 256GB Radeon Vega 8 Laptop,455,MESH Computers,1,4,19 Mar. 2021
B0B1VR3KHW,"Acer Aspire 5 A515-47 15.6 inch Laptop - (AMD Ryzen 7 5825U, 16GB, 512GB SSD, Full HD Display, Windows 11, Iron)",749,Amazon,646,4.1,20-May-22
B086MBQKH2,"Acer Chromebook Spin 311 Convertible Laptop, Intel Celeron N4020, 11.6 HD Touch, 4GB LPDDR4, 32GB eMMC, Gigabit Wi-Fi 5, Bluetooth 5.0, Google Chrome, CP311-2H-C679",312.55,WisdomStore EU,9592,4.6,27-Apr-20
B0998ZBDRC,"Lenovo Thinkpad X1 Yoga 4th Gen, Core i5-8365U, 14 FHD 8GB RAM, 256GB SSD Intel UHD Graphics Convertible W/ Pen Pro Stylus, 4G LTE, Fingerprint unlock, Iron Grey, Win10 Pro 1 year warranty-20QGS86F00",549.99,Laptop Outlet UK,12,4.2,13-Jul-21
B0B8JPJZGW,"ACER Aspire 5 A517-52-39JL i3-1115G4 Notebook 43.9 cm (17.3) Full HD Intel Core i3 8 GB DDR4-SDRAM 256 GB SSD Wi-Fi 6 (802.11ax) Windows 10 Pro Silver, NX.A5BEK.003, Black",621.21,Amazon,0,0,3 Aug. 2022
B09V8286DW,Samsung Galaxy Chromebook2 360 Wi-Fi Laptop 12.4 Inch 4GB RAM 64GB Storage Silver (UK Version),319,Amazon,0,0,15-Apr-22
B09Q2RFMPV,"ASUS ZenBook Flip OLED UX363EA 13.3 Intel EVO Convertible Laptop (Intel i7-1165G7, 16GB RAM, 1TB SSD, Backlit Keyboard, Windows 11) Includes Stylus, USB-C to Audio Jack Pine Grey UX363EA-HP768W",929,Amazon,24,4.7,10 Jan. 2022
B09ZF3N58Y,"Dell XPS 13 Plus 9320 13.4 OLED 3.5K Laptop, Intel Evo Core i7-1260P, 16GB RAM, 512GB SSD, Touchscreen, Backlit Keyboard, Fingerprint Reader, Windows 11 Home (Silver)",1469,Amazon,2,3,3-May-22
B0BJTZLD77,"HP Business Laptop, 14 FHD IPS Micro-Edge Display, AMD Ryzen 3 3250U (Beat i3-10110U), 32GB DDR4 RAM, 1TB SSD, Webcam, USB-C, HDMI, WiFi, SD Card Reader, US Version KB, Win 11",604.99,uShopMall-USA,3,5,20 Oct. 2022
B0B56R25T6,HUAWEI Matebook D16 - 16 Inch Laptop - Windows 11 Intel Core i7-12700H 12th Gen Processor With 16GB RAM & 512GB SSD Storage - Eye Comfort HUAWEI Fullview Display with 1080p Wide-Angle Camera - Grey,899.99,Amazon,689,4.5,18-Jul-22
B09Q6DDKVL,"Razer Blade 15 - 15.6 Inch Gaming Laptop with 360 Hz FHD Display (NVIDIA RTX 3080 Ti, Intel Core i7 12800H, 32GB DDR5 RAM, 1TB SSD, Vapor Chamber Cooling, Windows 11) UK Layout | Black",3539.99,Amazon,8,3.8,25 Jan. 2022
B0B64G7BNL,"Dell Inspiron 5620 16 FHD+ Laptop, Intel Core i5-1235U, 8GB RAM, 512GB SSD, Backlit Keyboard, Fingerprint Reader, Windows 11 Home (Platinum Silver)",719,Amazon,0,0,8-Jul-22
B0896YNB89,jumper Laptop 2 in 1 TouchScreen Tablet 6GB RAM 64GB Storage Windows 10 Ezpad 6pro 11.6 Inch FHD PC INTEL Quad Core Processor - Detachable Keyboard,239.99,Amazon,208,4,27-May-20
B0B5XPRMLC,"Lenovo Ideapad 3 14ADA6 14 Inch FHD Cloudbook Laptop - (AMD Ryzen 3 3250U, 4GB RAM, 128GB SSD, Windows 10S) - Abyss Blue",379.99,Amazon,418,4.5,6-Jul-22
B0B7NVR1F8,"Corsair VOYAGER a1600 Gaming Laptop (AMD Ryzen R9 6900HS, AMD Radeon RX 6800M, 32GB DDR5, 16 2560x1600 240Hz IPS Screen, CHERRY MX Ultra-Low Profile Keyswitches, Windows 11 Home Advanced) Black",2448.98,Amazon,0,0,18 Aug. 2022
B0B1QDZ2C7,"HP 15s-eq0032na 15.6 FHD Laptop, AMD Ryzen 5-3450U (4 Cores, 3.5GHz), AMD Radeon Vega 8 Graphics, 16GB DDR4, 512GB SSD, WIFI 11 ac & BT 4.2, Free upgrade to Windows 11 Pro  UK Keyboard (Renewed)",599.99,Cybist,0,0,19-May-22
B0B4XTGDHN,MSI Notebook Raider GE66 Deluxe Edition 12UGS-478UK (15.6) Gaming - Intel Core i9 12th Gen i9-12900HK - 32 GB RAM - 2 TB SSD - Titanium Blue - Chip - Windows 11 Home - NVIDIA RTX 3070 Ti with 8,2464.49,Amazon,0,0,23 Jun. 2022
B09N3XGH8S,E10-S-10H 11Celeron 8GB 128GB Win10Pro,161.58,Amazon,7,3.8,6 Dec. 2021
B09WRL3Z38,"SGIN Laptop 12GB DDR4 512GB SSD, 15.6 Inch Windows 11 Laptops with Celeron N4500 , FHD 19201080, Dual Band WiFi, 2xUSB 3.0, Up to 2.8GHz, Bluetooth 4.2, Supports 512GB TF Card Expansion, Gray",326.84,Amazon,53,3.7,29 Mar. 2022
B09TT9Z9QP,"HP 15.6 Full HD Laptop 15s-eq1048na, AMD Ryzen 7, 16GB RAM, 512GB SSD, Windows 11 - Natural Silver",649.99,Amazon,4,4.1,3 Mar. 2022
B07HJHMCX2,"ASUS Chromebook C223NA (Grey) (Intel Celeron N3350, 4 GB RAM, 32 GB eMMC, 11.6 Inch HD Screen, Chrome OS)",206.29,TC TRADING,1544,4.2,1 Sept. 2018
B0BJ2SR9YQ,"Dell Inspiron 3521 15.6 FHD 120Hz Laptop, Intel Pentium, 4GB RAM, 128GB SSD, Windows 11 Home S Mode (Carbon Black)",409.99,Amazon,0,0,13 Oct. 2022
B0B64B8Q6T,"Dell Inspiron 3525 15.6 FHD 120Hz Laptop, AMD Ryzen 5 5500U, 8GB RAM, 256GB SSD, Windows 11 Home (Carbon Black)",529,Amazon,3,4.3,8-Jul-22
B0BN54TYG9,"HP 15 15.6 FHD Business Laptop 11th Gen Intel 4-Core i5-1135G7, Intel Iris Xe Graphics,, 16GB RAM, 512GB PCIe SSD, Webcam, USB-C, WiFi, KeyPad, Long Battery Life, US Version KB, Win 11",604.99,uShopMall-USA,0,0,23 Nov. 2022
B0B649XH7K,"Dell Inspiron 7620 16 Plus 16 3K Laptop, Intel Core i7-12700H, 16GB RAM, 1TB SSD, NVIDIA GeForce RTX 3060 6GB, Backlit Keyboard, Fingerprint Reader, Windows 11 Home (Dark Green)",1379,Amazon,6,3.3,8-Jul-22
B09P8SX1J6,"Lenovo PC MOBILE TOPSELLER CHROME 500E 2ND CELERONN4120 4G 32G 11.6IN CHROMEOS IN, Black (Lenovo 500e)",328.65,Amazon,0,0,27 Dec. 2021
B09BFYL623,"GEO Computers Infinity GeoBook 540 Windows 10 Professional Laptop 14-inch FHD Intel Core i5 8GB RAM 256GB SSD Fingerprint Reader Kensington Lock Slot, Black",299.99,Amazon,9,2.7,29-Jul-21
B09TFXDBJK,"HONOR MagicBook 16 Windows 11 Laptop (16.1 144Hz FHD IPS, AMD Ryzen 5 5600H, WiFi 6, 16 GB RAM, 512 GB SSD) - Space Grey",669.99,Amazon,24,4.6,17 Mar. 2022
B09V48PYPN,"New HP 14 Intel Quad Turbo 2.8GHz Laptop, 4GB RAM, Very Fast SSD, HD Graphics, Win 11 Pro, MS Office Pro Plus, Very Long Battery Life ",348.84,TecBuyer,106,4.2,9 Mar. 2022
B09X22MR8G,Microsoft Surface Laptop Go 2 Ultra-Thin 12.4 Touchscreen Laptop - Platinum - Intel Core i5 - 8GB RAM - 256GB SSD - Windows 11 Home - 2022 model,627.01,Amazon,64,4.4,1 Jun. 2022
B0868V2JKH,Lenovo 14 ThinkPad T450 Ultrabook - HDF+ (1600x900) Core i5-5300U 16GB 512GB SSD WebCam WiFi Bluetooth USB 3.0 Windows 10 Professional 64-bit PC Laptop (Renewed),300,Amazon,108,4.1,1-May-18
B07MVWCJLH,"ASUS 15.6 ChromeBook C523NA (Intel Celeron N3350, 4 GB RAM, 64 GB eMMC, Chrome OS), Silver",268.99,Worthy Warehouse,1234,4.3,4 Jan. 2019
B09S3Z16T6,"Lenovo Ideapad 3 15ITL6 15.6 Inch FHD Cloudbook Laptop - (Intel Core i7-1165G7, 8GB RAM, 512GB SSD, Windows 11S) - Abyss Blue",719.26,Amazon,107,4.5,9 Feb. 2022
